,datetime,symbol,open,high,low,close,volume
0,2023-10-08 17:16:00,COINBASE:ETHUSD,1628.8,1628.8,1627.99,1627.99,15.29523848
1,2023-10-08 17:15:00,COINBASE:ETHUSD,1629.28,1629.53,1628.46,1628.8,16.41901339
2,2023-10-08 17:14:00,COINBASE:ETHUSD,1629.76,1629.76,1629.18,1629.27,8.1436766
3,2023-10-08 17:13:00,COINBASE:ETHUSD,1630.06,1630.31,1629.75,1629.76,28.7188414
4,2023-10-08 17:12:00,COINBASE:ETHUSD,1629.63,1630.1,1629.62,1629.94,24.99215642
5,2023-10-08 17:11:00,COINBASE:ETHUSD,1628.8,1629.5,1628.79,1629.46,11.13556369
6,2023-10-08 17:10:00,COINBASE:ETHUSD,1628.92,1629.26,1628.38,1628.7,14.11886264
7,2023-10-08 17:09:00,COINBASE:ETHUSD,1629.27,1629.27,1628.61,1628.75,14.12100371
8,2023-10-08 17:08:00,COINBASE:ETHUSD,1628.83,1629.36,1628.62,1629.34,26.0783562
9,2023-10-08 17:07:00,COINBASE:ETHUSD,1628.75,1629.35,1628.63,1628.99,30.75079413
10,2023-10-08 17:06:00,COINBASE:ETHUSD,1630.41,1630.41,1628.62,1628.62,29.88243116
11,2023-10-08 17:05:00,COINBASE:ETHUSD,1631.39,1631.49,1630.42,1630.42,29.78005269
12,2023-10-08 17:04:00,COINBASE:ETHUSD,1631.14,1631.49,1630.99,1631.35,19.54830178
13,2023-10-08 17:03:00,COINBASE:ETHUSD,1631.33,1632.0,1630.8,1631.15,35.91100645
14,2023-10-08 17:02:00,COINBASE:ETHUSD,1630.2,1631.32,1630.19,1631.31,47.23883224
15,2023-10-08 17:01:00,COINBASE:ETHUSD,1630.29,1630.78,1630.15,1630.17,20.30069435
16,2023-10-08 17:00:00,COINBASE:ETHUSD,1630.2,1630.95,1630.01,1630.23,43.42768793
17,2023-10-08 16:59:00,COINBASE:ETHUSD,1628.73,1630.73,1628.73,1630.2,53.62540907
18,2023-10-08 16:58:00,COINBASE:ETHUSD,1629.64,1629.64,1628.5,1628.73,94.51819446
19,2023-10-08 16:57:00,COINBASE:ETHUSD,1629.5,1629.96,1628.85,1629.65,21.58501402
20,2023-10-08 16:56:00,COINBASE:ETHUSD,1628.93,1629.5,1628.4,1629.5,64.38214305
21,2023-10-08 16:55:00,COINBASE:ETHUSD,1628.82,1630.12,1628.71,1629.03,45.95618104
22,2023-10-08 16:54:00,COINBASE:ETHUSD,1631.83,1631.94,1629.01,1629.01,69.90664399
23,2023-10-08 16:53:00,COINBASE:ETHUSD,1631.87,1632.36,1631.68,1631.73,20.27696846
24,2023-10-08 16:52:00,COINBASE:ETHUSD,1632.6,1632.76,1631.82,1631.87,39.94439702
25,2023-10-08 16:51:00,COINBASE:ETHUSD,1633.67,1633.67,1632.68,1632.75,36.22941921
26,2023-10-08 16:50:00,COINBASE:ETHUSD,1634.6,1634.64,1633.61,1633.61,39.01983415
27,2023-10-08 16:49:00,COINBASE:ETHUSD,1634.91,1635.51,1634.05,1634.57,110.42242332
28,2023-10-08 16:48:00,COINBASE:ETHUSD,1633.21,1635.05,1633.05,1634.98,44.687596
29,2023-10-08 16:47:00,COINBASE:ETHUSD,1632.95,1633.49,1631.66,1633.13,84.15246733
30,2023-10-08 16:46:00,COINBASE:ETHUSD,1630.38,1632.95,1630.38,1632.95,76.33446883
31,2023-10-08 16:45:00,COINBASE:ETHUSD,1630.5,1630.69,1629.9,1630.39,38.78897152
32,2023-10-08 16:44:00,COINBASE:ETHUSD,1630.75,1631.0,1630.51,1630.51,19.58995143
33,2023-10-08 16:43:00,COINBASE:ETHUSD,1632.33,1633.28,1631.0,1631.0,40.73453316
34,2023-10-08 16:42:00,COINBASE:ETHUSD,1631.37,1632.52,1631.01,1632.12,46.2699426
35,2023-10-08 16:41:00,COINBASE:ETHUSD,1630.27,1631.36,1630.17,1631.36,45.73298927
36,2023-10-08 16:40:00,COINBASE:ETHUSD,1630.05,1630.59,1630.04,1630.28,48.73396838
37,2023-10-08 16:39:00,COINBASE:ETHUSD,1629.3,1630.05,1629.29,1630.05,16.03438195
38,2023-10-08 16:38:00,COINBASE:ETHUSD,1629.31,1629.8,1629.12,1629.29,41.68311855
39,2023-10-08 16:37:00,COINBASE:ETHUSD,1628.39,1629.54,1628.29,1629.31,55.80157231
40,2023-10-08 16:36:00,COINBASE:ETHUSD,1628.88,1629.52,1628.31,1628.39,23.68670926
41,2023-10-08 16:35:00,COINBASE:ETHUSD,1629.87,1629.96,1628.81,1628.94,53.38775837
42,2023-10-08 16:34:00,COINBASE:ETHUSD,1630.61,1630.66,1629.82,1629.87,24.40748633
43,2023-10-08 16:33:00,COINBASE:ETHUSD,1630.23,1630.76,1630.23,1630.61,17.09354916
44,2023-10-08 16:32:00,COINBASE:ETHUSD,1629.97,1630.83,1629.73,1630.37,126.26452095
45,2023-10-08 16:31:00,COINBASE:ETHUSD,1628.03,1629.97,1628.03,1629.97,47.69294048
46,2023-10-08 16:30:00,COINBASE:ETHUSD,1628.88,1629.17,1628.12,1628.12,29.04947089
47,2023-10-08 16:29:00,COINBASE:ETHUSD,1628.53,1629.16,1628.28,1628.97,56.476785
48,2023-10-08 16:28:00,COINBASE:ETHUSD,1627.99,1629.06,1627.55,1628.45,63.84981825
49,2023-10-08 16:27:00,COINBASE:ETHUSD,1629.39,1629.41,1628.08,1628.08,85.02299835
50,2023-10-08 16:26:00,COINBASE:ETHUSD,1628.72,1629.33,1628.06,1629.33,51.40667045
51,2023-10-08 16:25:00,COINBASE:ETHUSD,1630.58,1630.77,1628.3,1628.73,106.33465586
52,2023-10-08 16:24:00,COINBASE:ETHUSD,1631.4,1631.4,1629.47,1630.75,176.71967241
53,2023-10-08 16:23:00,COINBASE:ETHUSD,1628.89,1631.7,1628.89,1631.38,342.05077288
54,2023-10-08 16:22:00,COINBASE:ETHUSD,1627.06,1628.92,1626.98,1628.78,94.73590282
55,2023-10-08 16:21:00,COINBASE:ETHUSD,1628.86,1628.86,1627.02,1627.53,63.32080793
56,2023-10-08 16:20:00,COINBASE:ETHUSD,1627.35,1628.87,1626.65,1628.87,60.50422783
57,2023-10-08 16:19:00,COINBASE:ETHUSD,1626.3,1627.69,1626.07,1627.36,107.40694054
58,2023-10-08 16:18:00,COINBASE:ETHUSD,1626.42,1626.82,1625.19,1626.36,54.61089664
59,2023-10-08 16:17:00,COINBASE:ETHUSD,1625.07,1627.46,1624.98,1626.63,227.56781763
60,2023-10-08 16:16:00,COINBASE:ETHUSD,1621.27,1624.88,1621.26,1624.88,205.72902246
61,2023-10-08 16:15:00,COINBASE:ETHUSD,1620.99,1621.27,1619.5,1621.27,180.95791862
62,2023-10-08 16:14:00,COINBASE:ETHUSD,1621.15,1621.25,1620.45,1620.99,162.38110252
63,2023-10-08 16:13:00,COINBASE:ETHUSD,1619.51,1621.35,1619.51,1621.14,130.16119355
64,2023-10-08 16:12:00,COINBASE:ETHUSD,1621.13,1621.13,1619.45,1619.66,370.41951516
65,2023-10-08 16:11:00,COINBASE:ETHUSD,1620.99,1621.22,1620.99,1621.12,34.19804146
66,2023-10-08 16:10:00,COINBASE:ETHUSD,1620.95,1621.01,1620.51,1621.0,120.26919789
67,2023-10-08 16:09:00,COINBASE:ETHUSD,1621.14,1621.14,1620.82,1620.93,93.90563011
68,2023-10-08 16:08:00,COINBASE:ETHUSD,1621.73,1621.74,1621.08,1621.16,160.6926127
69,2023-10-08 16:07:00,COINBASE:ETHUSD,1622.04,1622.06,1621.7,1621.73,81.54712947
70,2023-10-08 16:06:00,COINBASE:ETHUSD,1621.8,1622.2,1621.8,1622.09,11.40722193
71,2023-10-08 16:05:00,COINBASE:ETHUSD,1622.19,1622.2,1621.7,1621.72,67.18817046
72,2023-10-08 16:04:00,COINBASE:ETHUSD,1622.29,1622.29,1622.02,1622.2,3.04776165
73,2023-10-08 16:03:00,COINBASE:ETHUSD,1622.79,1622.79,1622.03,1622.29,5.57806577
74,2023-10-08 16:02:00,COINBASE:ETHUSD,1622.21,1622.8,1622.2,1622.8,23.88401299
75,2023-10-08 16:01:00,COINBASE:ETHUSD,1621.89,1622.21,1621.88,1622.21,25.26501362
76,2023-10-08 16:00:00,COINBASE:ETHUSD,1621.9,1621.9,1621.88,1621.89,2.47726451
77,2023-10-08 15:59:00,COINBASE:ETHUSD,1621.84,1622.11,1621.83,1622.05,23.70396405
78,2023-10-08 15:58:00,COINBASE:ETHUSD,1621.92,1622.26,1621.83,1621.84,51.92834621
79,2023-10-08 15:57:00,COINBASE:ETHUSD,1621.45,1621.92,1621.45,1621.92,18.25281195
80,2023-10-08 15:56:00,COINBASE:ETHUSD,1621.65,1621.74,1621.46,1621.46,23.51864237
81,2023-10-08 15:55:00,COINBASE:ETHUSD,1621.78,1621.87,1621.64,1621.65,26.19192984
82,2023-10-08 15:54:00,COINBASE:ETHUSD,1621.98,1622.0,1621.79,1621.79,44.87884645
83,2023-10-08 15:53:00,COINBASE:ETHUSD,1622.24,1622.24,1621.91,1621.98,13.15514588
84,2023-10-08 15:52:00,COINBASE:ETHUSD,1622.34,1622.48,1622.03,1622.14,6.00188398
85,2023-10-08 15:51:00,COINBASE:ETHUSD,1622.18,1622.54,1622.18,1622.34,5.1732205
86,2023-10-08 15:50:00,COINBASE:ETHUSD,1622.54,1622.57,1622.2,1622.2,4.16084882
87,2023-10-08 15:49:00,COINBASE:ETHUSD,1622.59,1622.84,1622.43,1622.47,16.35340751
88,2023-10-08 15:48:00,COINBASE:ETHUSD,1622.66,1622.66,1622.54,1622.59,6.31727835
89,2023-10-08 15:47:00,COINBASE:ETHUSD,1622.89,1622.89,1622.41,1622.65,5.54608358
90,2023-10-08 15:46:00,COINBASE:ETHUSD,1623.74,1623.92,1622.88,1622.88,8.58073172
91,2023-10-08 15:45:00,COINBASE:ETHUSD,1623.01,1623.74,1623.01,1623.74,29.93978323
92,2023-10-08 15:44:00,COINBASE:ETHUSD,1623.62,1623.63,1622.92,1622.92,7.82556188
93,2023-10-08 15:43:00,COINBASE:ETHUSD,1623.13,1623.88,1623.13,1623.64,12.27512908
94,2023-10-08 15:42:00,COINBASE:ETHUSD,1623.13,1623.19,1623.03,1623.12,18.34644032
95,2023-10-08 15:41:00,COINBASE:ETHUSD,1623.35,1623.36,1623.09,1623.14,3.13719562
96,2023-10-08 15:40:00,COINBASE:ETHUSD,1623.56,1623.56,1623.03,1623.36,7.08779951
97,2023-10-08 15:39:00,COINBASE:ETHUSD,1623.91,1624.34,1623.56,1623.56,11.33949629
98,2023-10-08 15:38:00,COINBASE:ETHUSD,1623.64,1623.91,1623.44,1623.91,7.98219999
99,2023-10-08 15:37:00,COINBASE:ETHUSD,1624.34,1624.34,1623.82,1623.82,18.42994676
100,2023-10-08 15:36:00,COINBASE:ETHUSD,1623.33,1624.37,1623.33,1624.37,24.99226488
101,2023-10-08 15:35:00,COINBASE:ETHUSD,1623.81,1623.82,1623.17,1623.17,7.34113251
102,2023-10-08 15:34:00,COINBASE:ETHUSD,1624.72,1624.73,1623.82,1623.82,25.86764851
103,2023-10-08 15:33:00,COINBASE:ETHUSD,1624.51,1625.18,1624.51,1624.7,19.44136442
104,2023-10-08 15:32:00,COINBASE:ETHUSD,1623.81,1624.51,1623.72,1624.5,11.87433881
105,2023-10-08 15:31:00,COINBASE:ETHUSD,1622.78,1623.81,1622.78,1623.81,17.96642413
106,2023-10-08 15:30:00,COINBASE:ETHUSD,1622.33,1622.78,1622.33,1622.78,12.38172817
107,2023-10-08 15:29:00,COINBASE:ETHUSD,1622.77,1622.77,1622.32,1622.32,4.70149964
108,2023-10-08 15:28:00,COINBASE:ETHUSD,1622.72,1622.98,1622.6,1622.78,26.13155025
109,2023-10-08 15:27:00,COINBASE:ETHUSD,1622.48,1623.03,1622.47,1622.73,31.18087372
110,2023-10-08 15:26:00,COINBASE:ETHUSD,1622.59,1623.01,1622.51,1622.54,21.68641836
111,2023-10-08 15:25:00,COINBASE:ETHUSD,1624.17,1624.17,1622.59,1622.59,51.47017456
112,2023-10-08 15:24:00,COINBASE:ETHUSD,1624.46,1624.47,1623.9,1624.32,41.97513319
113,2023-10-08 15:23:00,COINBASE:ETHUSD,1623.96,1624.7,1623.96,1624.28,39.28899188
114,2023-10-08 15:22:00,COINBASE:ETHUSD,1623.43,1624.26,1623.43,1623.95,103.40566113
115,2023-10-08 15:21:00,COINBASE:ETHUSD,1622.62,1623.44,1622.62,1623.43,60.00816067
116,2023-10-08 15:20:00,COINBASE:ETHUSD,1623.33,1623.33,1622.72,1622.72,15.42896456
117,2023-10-08 15:19:00,COINBASE:ETHUSD,1622.33,1623.5,1622.32,1623.37,59.89407124
118,2023-10-08 15:18:00,COINBASE:ETHUSD,1622.3,1622.39,1621.84,1622.33,79.42372723
119,2023-10-08 15:17:00,COINBASE:ETHUSD,1621.89,1622.39,1621.89,1622.31,30.97689095
120,2023-10-08 15:16:00,COINBASE:ETHUSD,1621.43,1621.9,1621.42,1621.9,12.9912344
121,2023-10-08 15:15:00,COINBASE:ETHUSD,1621.12,1621.43,1621.11,1621.42,11.67131652
122,2023-10-08 15:14:00,COINBASE:ETHUSD,1620.89,1621.12,1620.88,1621.12,10.2016565
123,2023-10-08 15:13:00,COINBASE:ETHUSD,1620.51,1620.81,1620.51,1620.81,6.76082033
124,2023-10-08 15:12:00,COINBASE:ETHUSD,1620.64,1620.84,1620.5,1620.51,48.68452361
125,2023-10-08 15:11:00,COINBASE:ETHUSD,1620.64,1620.64,1620.63,1620.63,2.05267992
126,2023-10-08 15:10:00,COINBASE:ETHUSD,1620.58,1620.64,1620.57,1620.63,1.72830644
127,2023-10-08 15:09:00,COINBASE:ETHUSD,1620.44,1620.58,1620.43,1620.58,18.36197154
128,2023-10-08 15:08:00,COINBASE:ETHUSD,1620.22,1620.46,1620.22,1620.44,38.793728
129,2023-10-08 15:07:00,COINBASE:ETHUSD,1619.65,1620.15,1619.64,1620.15,53.92043774
130,2023-10-08 15:06:00,COINBASE:ETHUSD,1619.46,1619.65,1619.45,1619.65,37.77860943
131,2023-10-08 15:05:00,COINBASE:ETHUSD,1619.46,1619.46,1619.34,1619.45,21.32763593
132,2023-10-08 15:04:00,COINBASE:ETHUSD,1619.26,1619.46,1619.25,1619.46,23.47177966
133,2023-10-08 15:03:00,COINBASE:ETHUSD,1618.91,1619.27,1618.9,1619.26,90.18913938
134,2023-10-08 15:02:00,COINBASE:ETHUSD,1619.0,1619.01,1618.86,1618.91,32.13710647
135,2023-10-08 15:01:00,COINBASE:ETHUSD,1619.01,1619.24,1619.0,1619.01,57.96721149
136,2023-10-08 15:00:00,COINBASE:ETHUSD,1618.68,1619.15,1617.88,1619.05,214.06783787
137,2023-10-08 14:59:00,COINBASE:ETHUSD,1618.41,1618.69,1618.41,1618.69,78.02696722
138,2023-10-08 14:58:00,COINBASE:ETHUSD,1618.58,1618.58,1618.4,1618.4,12.05478197
139,2023-10-08 14:57:00,COINBASE:ETHUSD,1618.15,1618.62,1618.14,1618.58,11.36490656
140,2023-10-08 14:56:00,COINBASE:ETHUSD,1618.35,1618.55,1618.2,1618.2,71.59177696
141,2023-10-08 14:55:00,COINBASE:ETHUSD,1618.04,1618.22,1617.89,1618.22,30.38959258
142,2023-10-08 14:54:00,COINBASE:ETHUSD,1618.46,1618.46,1618.02,1618.05,14.63904921
143,2023-10-08 14:53:00,COINBASE:ETHUSD,1618.7,1618.91,1618.46,1618.46,51.09800966
144,2023-10-08 14:52:00,COINBASE:ETHUSD,1618.44,1618.73,1618.43,1618.54,29.53565019
145,2023-10-08 14:51:00,COINBASE:ETHUSD,1618.72,1618.84,1618.53,1618.53,35.74086675
146,2023-10-08 14:50:00,COINBASE:ETHUSD,1619.7,1619.7,1618.69,1618.72,148.35959446
147,2023-10-08 14:49:00,COINBASE:ETHUSD,1619.43,1619.71,1619.42,1619.71,56.62138673
148,2023-10-08 14:48:00,COINBASE:ETHUSD,1618.79,1619.55,1618.79,1619.33,96.76839407
149,2023-10-08 14:47:00,COINBASE:ETHUSD,1618.75,1618.79,1618.51,1618.79,52.97406914
150,2023-10-08 14:46:00,COINBASE:ETHUSD,1618.22,1618.77,1618.21,1618.76,29.29327526
151,2023-10-08 14:45:00,COINBASE:ETHUSD,1618.19,1618.27,1618.01,1618.22,51.01821321
152,2023-10-08 14:44:00,COINBASE:ETHUSD,1618.81,1618.81,1618.19,1618.2,118.41246085
153,2023-10-08 14:43:00,COINBASE:ETHUSD,1618.73,1618.81,1618.73,1618.8,20.19613336
154,2023-10-08 14:42:00,COINBASE:ETHUSD,1618.03,1618.74,1618.03,1618.74,194.93055622
155,2023-10-08 14:41:00,COINBASE:ETHUSD,1618.8,1618.8,1617.92,1618.03,13.09520355
156,2023-10-08 14:40:00,COINBASE:ETHUSD,1619.36,1619.36,1619.0,1619.0,107.25679229
157,2023-10-08 14:39:00,COINBASE:ETHUSD,1619.49,1619.49,1619.35,1619.36,8.80503548
158,2023-10-08 14:38:00,COINBASE:ETHUSD,1619.51,1619.51,1619.48,1619.49,4.75785975
159,2023-10-08 14:37:00,COINBASE:ETHUSD,1619.33,1619.76,1619.12,1619.51,35.08393031
160,2023-10-08 14:36:00,COINBASE:ETHUSD,1620.41,1620.41,1619.48,1619.48,95.16890412
161,2023-10-08 14:35:00,COINBASE:ETHUSD,1620.41,1620.41,1620.04,1620.4,46.37654692
162,2023-10-08 14:34:00,COINBASE:ETHUSD,1619.96,1620.41,1619.82,1620.41,37.4964078
163,2023-10-08 14:33:00,COINBASE:ETHUSD,1620.73,1620.73,1619.95,1619.95,44.06870655
164,2023-10-08 14:32:00,COINBASE:ETHUSD,1620.16,1620.76,1620.16,1620.73,128.76772734
165,2023-10-08 14:31:00,COINBASE:ETHUSD,1619.74,1620.22,1619.74,1620.22,35.14438304
166,2023-10-08 14:30:00,COINBASE:ETHUSD,1620.03,1620.04,1619.34,1619.7,29.86597498
167,2023-10-08 14:29:00,COINBASE:ETHUSD,1620.2,1620.2,1619.81,1620.04,32.68918327
168,2023-10-08 14:28:00,COINBASE:ETHUSD,1619.35,1620.22,1619.35,1620.22,101.3298019
169,2023-10-08 14:27:00,COINBASE:ETHUSD,1618.77,1619.06,1618.77,1619.06,48.74378449
170,2023-10-08 14:26:00,COINBASE:ETHUSD,1618.62,1618.79,1618.46,1618.78,24.32618647
171,2023-10-08 14:25:00,COINBASE:ETHUSD,1618.7,1618.98,1618.41,1618.42,30.22152233
172,2023-10-08 14:24:00,COINBASE:ETHUSD,1618.61,1619.02,1618.61,1618.85,5.76133461
173,2023-10-08 14:23:00,COINBASE:ETHUSD,1619.48,1619.48,1618.78,1618.78,65.99216562
174,2023-10-08 14:22:00,COINBASE:ETHUSD,1619.02,1619.84,1619.02,1619.48,24.67221637
175,2023-10-08 14:21:00,COINBASE:ETHUSD,1619.72,1619.72,1618.78,1618.84,19.37641335
176,2023-10-08 14:20:00,COINBASE:ETHUSD,1619.48,1619.88,1619.48,1619.72,8.63051767
177,2023-10-08 14:19:00,COINBASE:ETHUSD,1619.65,1619.65,1619.22,1619.45,10.87645195
178,2023-10-08 14:18:00,COINBASE:ETHUSD,1619.83,1619.89,1619.61,1619.82,20.1095021
179,2023-10-08 14:17:00,COINBASE:ETHUSD,1620.24,1620.24,1619.83,1619.83,12.5692606
180,2023-10-08 14:16:00,COINBASE:ETHUSD,1620.03,1620.24,1619.88,1620.23,25.04104255
181,2023-10-08 14:15:00,COINBASE:ETHUSD,1620.39,1620.4,1620.2,1620.2,20.4628007
182,2023-10-08 14:14:00,COINBASE:ETHUSD,1619.93,1620.54,1619.92,1620.4,41.38341282
183,2023-10-08 14:13:00,COINBASE:ETHUSD,1620.33,1620.48,1619.92,1619.92,22.68496907
184,2023-10-08 14:12:00,COINBASE:ETHUSD,1620.77,1620.9,1620.33,1620.33,33.68862074
185,2023-10-08 14:11:00,COINBASE:ETHUSD,1620.55,1620.78,1620.24,1620.78,26.8271177
186,2023-10-08 14:10:00,COINBASE:ETHUSD,1620.28,1620.55,1620.28,1620.55,31.78193474
187,2023-10-08 14:09:00,COINBASE:ETHUSD,1620.71,1620.71,1620.24,1620.24,5.03331275
188,2023-10-08 14:08:00,COINBASE:ETHUSD,1620.57,1620.93,1620.38,1620.71,14.93519983
189,2023-10-08 14:07:00,COINBASE:ETHUSD,1620.31,1621.1,1620.24,1620.7,32.73536286
190,2023-10-08 14:06:00,COINBASE:ETHUSD,1621.1,1621.1,1620.32,1620.32,54.01554089
191,2023-10-08 14:05:00,COINBASE:ETHUSD,1622.21,1622.21,1621.13,1621.13,19.84500116
192,2023-10-08 14:04:00,COINBASE:ETHUSD,1621.09,1622.17,1621.09,1622.15,43.023836
193,2023-10-08 14:03:00,COINBASE:ETHUSD,1621.62,1621.62,1621.02,1621.19,64.01780914
194,2023-10-08 14:02:00,COINBASE:ETHUSD,1620.8,1621.76,1620.8,1621.63,134.59620709
195,2023-10-08 14:01:00,COINBASE:ETHUSD,1619.38,1620.7,1619.34,1620.7,69.86999588
196,2023-10-08 14:00:00,COINBASE:ETHUSD,1620.11,1620.11,1618.75,1619.42,25.50457168
197,2023-10-08 13:59:00,COINBASE:ETHUSD,1620.37,1620.37,1619.34,1620.12,52.27672888
198,2023-10-08 13:58:00,COINBASE:ETHUSD,1620.95,1620.98,1620.55,1620.55,38.48090278
199,2023-10-08 13:57:00,COINBASE:ETHUSD,1621.25,1621.63,1621.04,1621.07,16.04342412
200,2023-10-08 13:56:00,COINBASE:ETHUSD,1620.88,1621.45,1620.88,1621.26,18.86760594
201,2023-10-08 13:55:00,COINBASE:ETHUSD,1621.06,1621.57,1620.88,1620.93,11.17759529
202,2023-10-08 13:54:00,COINBASE:ETHUSD,1620.37,1621.12,1620.37,1620.99,10.18851074
203,2023-10-08 13:53:00,COINBASE:ETHUSD,1620.36,1620.37,1619.39,1620.37,56.30479922
204,2023-10-08 13:52:00,COINBASE:ETHUSD,1620.26,1620.91,1619.84,1620.58,111.84533558
205,2023-10-08 13:51:00,COINBASE:ETHUSD,1619.71,1620.33,1619.41,1620.15,214.00564318
206,2023-10-08 13:50:00,COINBASE:ETHUSD,1618.73,1619.83,1618.35,1619.72,294.20107196
207,2023-10-08 13:49:00,COINBASE:ETHUSD,1618.06,1619.41,1617.31,1618.67,354.55888753
208,2023-10-08 13:48:00,COINBASE:ETHUSD,1620.67,1620.67,1617.91,1618.05,430.19377048
209,2023-10-08 13:47:00,COINBASE:ETHUSD,1621.06,1621.15,1619.73,1620.68,440.93955954
210,2023-10-08 13:46:00,COINBASE:ETHUSD,1622.32,1622.55,1620.0,1621.15,360.80359092
211,2023-10-08 13:45:00,COINBASE:ETHUSD,1623.17,1623.17,1622.2,1622.25,16.77861242
212,2023-10-08 13:44:00,COINBASE:ETHUSD,1623.18,1623.18,1622.94,1623.06,22.34481952
213,2023-10-08 13:43:00,COINBASE:ETHUSD,1623.26,1623.26,1622.74,1623.17,20.83957721
214,2023-10-08 13:42:00,COINBASE:ETHUSD,1623.39,1623.39,1622.5,1623.26,92.1608474
215,2023-10-08 13:41:00,COINBASE:ETHUSD,1624.22,1624.22,1623.2,1623.41,9.96286513
216,2023-10-08 13:40:00,COINBASE:ETHUSD,1624.3,1624.31,1624.06,1624.22,1.4828457
217,2023-10-08 13:39:00,COINBASE:ETHUSD,1623.65,1624.31,1623.65,1624.31,22.38942041
218,2023-10-08 13:38:00,COINBASE:ETHUSD,1623.87,1624.08,1623.21,1623.65,17.30082584
219,2023-10-08 13:37:00,COINBASE:ETHUSD,1624.02,1624.12,1623.76,1623.76,10.71100817
220,2023-10-08 13:36:00,COINBASE:ETHUSD,1624.12,1624.26,1624.02,1624.02,16.82723297
221,2023-10-08 13:35:00,COINBASE:ETHUSD,1623.98,1624.02,1623.73,1624.02,5.26317774
222,2023-10-08 13:34:00,COINBASE:ETHUSD,1624.27,1624.28,1623.66,1623.97,24.17714895
223,2023-10-08 13:33:00,COINBASE:ETHUSD,1624.3,1624.67,1624.29,1624.39,17.16556141
224,2023-10-08 13:32:00,COINBASE:ETHUSD,1625.15,1625.2,1624.13,1624.29,28.88955406
225,2023-10-08 13:31:00,COINBASE:ETHUSD,1625.08,1625.15,1625.08,1625.15,1.92595042
226,2023-10-08 13:30:00,COINBASE:ETHUSD,1625.71,1625.72,1624.78,1624.94,14.67044701
227,2023-10-08 13:29:00,COINBASE:ETHUSD,1625.85,1625.87,1625.51,1625.72,8.370459
228,2023-10-08 13:28:00,COINBASE:ETHUSD,1626.02,1626.09,1625.64,1625.75,3.25074632
229,2023-10-08 13:27:00,COINBASE:ETHUSD,1626.2,1626.2,1625.91,1626.01,4.27845823
230,2023-10-08 13:26:00,COINBASE:ETHUSD,1626.25,1626.25,1626.07,1626.19,2.46329276
231,2023-10-08 13:25:00,COINBASE:ETHUSD,1626.25,1626.25,1626.07,1626.24,5.30185057
232,2023-10-08 13:24:00,COINBASE:ETHUSD,1625.99,1626.35,1625.99,1626.21,14.33774231
233,2023-10-08 13:23:00,COINBASE:ETHUSD,1625.52,1625.89,1625.32,1625.89,5.13029994
234,2023-10-08 13:22:00,COINBASE:ETHUSD,1625.59,1625.59,1625.34,1625.53,3.94057768
235,2023-10-08 13:21:00,COINBASE:ETHUSD,1625.5,1625.6,1625.42,1625.6,3.84145147
236,2023-10-08 13:20:00,COINBASE:ETHUSD,1624.79,1625.51,1624.79,1625.51,9.50211097
237,2023-10-08 13:19:00,COINBASE:ETHUSD,1624.71,1624.8,1624.59,1624.79,11.14471441
238,2023-10-08 13:18:00,COINBASE:ETHUSD,1624.5,1624.96,1624.5,1624.74,6.07085591
239,2023-10-08 13:17:00,COINBASE:ETHUSD,1624.59,1624.59,1624.2,1624.53,12.59176675
240,2023-10-08 13:16:00,COINBASE:ETHUSD,1624.82,1624.87,1624.53,1624.63,20.31458193
241,2023-10-08 13:15:00,COINBASE:ETHUSD,1625.25,1625.25,1624.85,1624.85,0.40173156
242,2023-10-08 13:14:00,COINBASE:ETHUSD,1625.33,1625.33,1625.17,1625.25,1.50130976
243,2023-10-08 13:13:00,COINBASE:ETHUSD,1626.02,1626.02,1625.33,1625.33,21.03040227
244,2023-10-08 13:12:00,COINBASE:ETHUSD,1625.87,1626.4,1625.87,1626.23,2.45674462
245,2023-10-08 13:11:00,COINBASE:ETHUSD,1626.42,1626.42,1625.86,1625.86,10.11177502
246,2023-10-08 13:10:00,COINBASE:ETHUSD,1626.51,1626.57,1626.3,1626.55,1.80509029
247,2023-10-08 13:09:00,COINBASE:ETHUSD,1626.17,1626.51,1626.16,1626.5,6.75138611
248,2023-10-08 13:08:00,COINBASE:ETHUSD,1626.13,1626.47,1626.02,1626.17,4.74558242
249,2023-10-08 13:07:00,COINBASE:ETHUSD,1626.25,1626.25,1626.1,1626.11,1.35006094
250,2023-10-08 13:06:00,COINBASE:ETHUSD,1626.49,1626.49,1625.98,1626.25,3.64304807
251,2023-10-08 13:05:00,COINBASE:ETHUSD,1626.49,1626.5,1626.43,1626.49,2.03895585
252,2023-10-08 13:04:00,COINBASE:ETHUSD,1626.29,1626.5,1626.29,1626.5,11.28610577
253,2023-10-08 13:03:00,COINBASE:ETHUSD,1626.3,1626.43,1626.2,1626.29,3.24077104
254,2023-10-08 13:02:00,COINBASE:ETHUSD,1626.32,1626.35,1626.27,1626.31,5.6370858
255,2023-10-08 13:01:00,COINBASE:ETHUSD,1625.48,1626.32,1625.48,1626.31,11.69940678
256,2023-10-08 13:00:00,COINBASE:ETHUSD,1625.78,1625.78,1625.19,1625.48,24.73978546
257,2023-10-08 12:59:00,COINBASE:ETHUSD,1625.45,1625.79,1625.43,1625.79,5.9206563
258,2023-10-08 12:58:00,COINBASE:ETHUSD,1624.87,1625.46,1624.87,1625.45,28.72964819
259,2023-10-08 12:57:00,COINBASE:ETHUSD,1625.39,1625.39,1624.61,1624.86,46.66716606
260,2023-10-08 12:56:00,COINBASE:ETHUSD,1624.86,1625.4,1624.62,1625.4,32.41744543
261,2023-10-08 12:55:00,COINBASE:ETHUSD,1624.18,1625.23,1624.18,1624.67,93.68896103
262,2023-10-08 12:54:00,COINBASE:ETHUSD,1626.38,1626.38,1623.99,1624.14,165.60897694
263,2023-10-08 12:53:00,COINBASE:ETHUSD,1627.04,1627.24,1626.44,1626.44,86.72368461
264,2023-10-08 12:52:00,COINBASE:ETHUSD,1625.67,1627.31,1625.61,1627.06,48.67189511
265,2023-10-08 12:51:00,COINBASE:ETHUSD,1624.4,1625.8,1623.43,1625.76,290.35734978
266,2023-10-08 12:50:00,COINBASE:ETHUSD,1624.94,1624.94,1624.41,1624.41,4.07752897
267,2023-10-08 12:49:00,COINBASE:ETHUSD,1625.13,1625.13,1624.7,1624.95,8.59262221
268,2023-10-08 12:48:00,COINBASE:ETHUSD,1624.99,1625.39,1624.99,1625.36,9.10051632
269,2023-10-08 12:47:00,COINBASE:ETHUSD,1624.57,1625.0,1624.41,1625.0,35.23537388
270,2023-10-08 12:46:00,COINBASE:ETHUSD,1625.11,1625.11,1624.42,1624.57,10.35029622
271,2023-10-08 12:45:00,COINBASE:ETHUSD,1625.65,1625.72,1625.1,1625.1,8.34792291
272,2023-10-08 12:44:00,COINBASE:ETHUSD,1625.34,1625.66,1625.34,1625.66,8.66236136
273,2023-10-08 12:43:00,COINBASE:ETHUSD,1625.2,1625.58,1625.2,1625.57,11.45209875
274,2023-10-08 12:42:00,COINBASE:ETHUSD,1624.81,1625.42,1624.62,1625.2,81.55115415
275,2023-10-08 12:41:00,COINBASE:ETHUSD,1624.65,1624.83,1623.96,1624.62,48.72104263
276,2023-10-08 12:40:00,COINBASE:ETHUSD,1625.98,1625.98,1623.92,1624.55,111.441059
277,2023-10-08 12:39:00,COINBASE:ETHUSD,1626.0,1626.0,1624.69,1625.98,129.94465507
278,2023-10-08 12:38:00,COINBASE:ETHUSD,1627.4,1627.4,1625.88,1626.02,65.60628654
279,2023-10-08 12:37:00,COINBASE:ETHUSD,1627.41,1627.41,1627.4,1627.4,0.48115135
280,2023-10-08 12:36:00,COINBASE:ETHUSD,1626.81,1627.4,1626.81,1627.4,18.68947437
281,2023-10-08 12:35:00,COINBASE:ETHUSD,1627.05,1627.05,1626.72,1626.79,6.9290283
282,2023-10-08 12:34:00,COINBASE:ETHUSD,1626.98,1627.3,1626.91,1627.05,7.21642061
283,2023-10-08 12:33:00,COINBASE:ETHUSD,1626.93,1627.41,1626.93,1626.98,24.99317314
284,2023-10-08 12:32:00,COINBASE:ETHUSD,1626.99,1626.99,1626.82,1626.93,8.70387412
285,2023-10-08 12:31:00,COINBASE:ETHUSD,1627.23,1627.23,1626.8,1626.98,6.70540804
286,2023-10-08 12:30:00,COINBASE:ETHUSD,1627.74,1627.74,1627.22,1627.22,7.55444793
287,2023-10-08 12:29:00,COINBASE:ETHUSD,1627.49,1627.85,1627.49,1627.73,4.48079505
288,2023-10-08 12:28:00,COINBASE:ETHUSD,1627.37,1627.49,1627.23,1627.49,25.38924075
289,2023-10-08 12:27:00,COINBASE:ETHUSD,1626.8,1627.37,1626.8,1627.37,12.41729875
290,2023-10-08 12:26:00,COINBASE:ETHUSD,1627.12,1627.2,1626.71,1626.8,30.03229134
291,2023-10-08 12:25:00,COINBASE:ETHUSD,1626.67,1627.32,1626.16,1627.1,25.10059349
292,2023-10-08 12:24:00,COINBASE:ETHUSD,1627.12,1627.12,1626.43,1626.65,6.94531477
293,2023-10-08 12:23:00,COINBASE:ETHUSD,1626.85,1627.46,1626.83,1627.15,11.50194
294,2023-10-08 12:22:00,COINBASE:ETHUSD,1627.81,1627.84,1626.95,1626.95,17.03114202
295,2023-10-08 12:21:00,COINBASE:ETHUSD,1630.08,1630.08,1628.5,1628.5,46.21084879
296,2023-10-08 12:20:00,COINBASE:ETHUSD,1630.22,1630.23,1630.08,1630.09,10.63294183
297,2023-10-08 12:19:00,COINBASE:ETHUSD,1630.23,1630.38,1630.22,1630.22,4.32714854
298,2023-10-08 12:18:00,COINBASE:ETHUSD,1630.16,1630.25,1630.16,1630.23,2.42535849
299,2023-10-08 12:17:00,COINBASE:ETHUSD,1630.38,1630.38,1630.16,1630.16,0.55887968
300,2023-10-08 12:16:00,COINBASE:ETHUSD,1630.28,1630.32,1630.27,1630.32,1.33673462
301,2023-10-08 12:15:00,COINBASE:ETHUSD,1630.52,1630.52,1630.24,1630.28,6.54688709
302,2023-10-08 12:14:00,COINBASE:ETHUSD,1630.43,1630.52,1630.41,1630.52,2.56552444
303,2023-10-08 12:13:00,COINBASE:ETHUSD,1630.11,1630.28,1629.99,1630.28,6.91358674
304,2023-10-08 12:12:00,COINBASE:ETHUSD,1630.11,1630.13,1629.98,1630.13,8.65710594
305,2023-10-08 12:11:00,COINBASE:ETHUSD,1630.14,1630.14,1630.05,1630.05,1.289268
306,2023-10-08 12:10:00,COINBASE:ETHUSD,1630.14,1630.14,1630.01,1630.13,20.58607464
307,2023-10-08 12:09:00,COINBASE:ETHUSD,1630.11,1630.23,1630.11,1630.13,6.18847587
308,2023-10-08 12:08:00,COINBASE:ETHUSD,1629.7,1630.1,1629.7,1630.1,3.17227224
309,2023-10-08 12:07:00,COINBASE:ETHUSD,1628.74,1629.62,1628.74,1629.62,20.26717488
310,2023-10-08 12:06:00,COINBASE:ETHUSD,1628.67,1628.68,1628.67,1628.67,0.7338032
311,2023-10-08 12:05:00,COINBASE:ETHUSD,1628.54,1628.69,1628.54,1628.68,3.33861941
312,2023-10-08 12:04:00,COINBASE:ETHUSD,1629.11,1629.11,1628.53,1628.53,16.53582247
313,2023-10-08 12:03:00,COINBASE:ETHUSD,1629.07,1629.11,1629.07,1629.11,23.073373
314,2023-10-08 12:02:00,COINBASE:ETHUSD,1629.32,1629.32,1629.07,1629.07,5.01860144
315,2023-10-08 12:01:00,COINBASE:ETHUSD,1629.41,1629.45,1629.38,1629.38,1.03136531
316,2023-10-08 12:00:00,COINBASE:ETHUSD,1629.32,1629.51,1629.32,1629.41,16.94992666
317,2023-10-08 11:59:00,COINBASE:ETHUSD,1629.44,1629.44,1629.24,1629.36,7.37544493
318,2023-10-08 11:58:00,COINBASE:ETHUSD,1628.89,1629.44,1628.89,1629.44,4.11217364
319,2023-10-08 11:57:00,COINBASE:ETHUSD,1629.22,1629.22,1628.86,1628.89,2.24597639
320,2023-10-08 11:56:00,COINBASE:ETHUSD,1629.02,1629.23,1629.02,1629.21,4.57546718
321,2023-10-08 11:55:00,COINBASE:ETHUSD,1628.74,1629.02,1628.74,1629.02,6.45845344
322,2023-10-08 11:54:00,COINBASE:ETHUSD,1628.79,1628.88,1628.73,1628.73,1.00862709
323,2023-10-08 11:53:00,COINBASE:ETHUSD,1628.91,1629.02,1628.68,1628.77,30.9145222
324,2023-10-08 11:52:00,COINBASE:ETHUSD,1628.74,1628.87,1628.68,1628.87,1.88238616
325,2023-10-08 11:51:00,COINBASE:ETHUSD,1628.78,1628.78,1628.64,1628.71,0.37366561
326,2023-10-08 11:50:00,COINBASE:ETHUSD,1628.89,1628.89,1628.77,1628.78,1.35364557
327,2023-10-08 11:49:00,COINBASE:ETHUSD,1629.02,1629.02,1628.74,1628.89,5.85579796
328,2023-10-08 11:48:00,COINBASE:ETHUSD,1628.56,1629.02,1628.56,1629.02,7.70487025
329,2023-10-08 11:47:00,COINBASE:ETHUSD,1628.81,1628.81,1628.62,1628.62,0.41657355
330,2023-10-08 11:46:00,COINBASE:ETHUSD,1629.52,1629.52,1628.86,1628.86,3.94895228
331,2023-10-08 11:45:00,COINBASE:ETHUSD,1629.41,1629.53,1629.41,1629.52,2.57843363
332,2023-10-08 11:44:00,COINBASE:ETHUSD,1629.4,1629.41,1629.4,1629.41,1.54269116
333,2023-10-08 11:43:00,COINBASE:ETHUSD,1629.31,1629.41,1629.28,1629.41,0.94348492
334,2023-10-08 11:42:00,COINBASE:ETHUSD,1629.73,1629.73,1629.3,1629.32,18.05950022
335,2023-10-08 11:41:00,COINBASE:ETHUSD,1629.45,1629.74,1629.45,1629.74,8.31294832
336,2023-10-08 11:40:00,COINBASE:ETHUSD,1629.36,1629.53,1629.35,1629.45,9.31387978
337,2023-10-08 11:39:00,COINBASE:ETHUSD,1629.56,1629.62,1629.49,1629.49,4.59015502
338,2023-10-08 11:38:00,COINBASE:ETHUSD,1629.87,1629.99,1629.53,1629.53,16.48968134
339,2023-10-08 11:37:00,COINBASE:ETHUSD,1629.23,1629.86,1629.22,1629.86,10.84195483
340,2023-10-08 11:36:00,COINBASE:ETHUSD,1629.35,1629.36,1629.18,1629.23,0.83704276
341,2023-10-08 11:35:00,COINBASE:ETHUSD,1630.16,1630.16,1629.38,1629.38,12.52231277
342,2023-10-08 11:34:00,COINBASE:ETHUSD,1630.03,1630.16,1630.01,1630.16,6.06042651
343,2023-10-08 11:33:00,COINBASE:ETHUSD,1630.08,1630.09,1629.7,1630.01,4.67610983
344,2023-10-08 11:32:00,COINBASE:ETHUSD,1629.75,1630.11,1629.75,1630.03,3.63360965
345,2023-10-08 11:31:00,COINBASE:ETHUSD,1629.69,1629.72,1629.5,1629.71,7.55799455
346,2023-10-08 11:30:00,COINBASE:ETHUSD,1629.88,1630.0,1629.59,1629.69,7.65675611
347,2023-10-08 11:29:00,COINBASE:ETHUSD,1629.61,1630.05,1629.6,1630.05,5.68809585
348,2023-10-08 11:28:00,COINBASE:ETHUSD,1629.56,1629.69,1629.56,1629.61,1.303018
349,2023-10-08 11:27:00,COINBASE:ETHUSD,1629.37,1629.56,1629.35,1629.56,8.46308736
350,2023-10-08 11:26:00,COINBASE:ETHUSD,1629.47,1629.53,1629.18,1629.36,4.26127451
351,2023-10-08 11:25:00,COINBASE:ETHUSD,1629.71,1629.81,1629.28,1629.41,13.58767789
352,2023-10-08 11:24:00,COINBASE:ETHUSD,1629.38,1629.61,1628.97,1629.61,28.13205416
353,2023-10-08 11:23:00,COINBASE:ETHUSD,1628.94,1629.39,1628.93,1629.39,15.05510324
354,2023-10-08 11:22:00,COINBASE:ETHUSD,1629.02,1629.02,1628.89,1628.94,1.8428817
355,2023-10-08 11:21:00,COINBASE:ETHUSD,1628.94,1629.12,1628.87,1629.03,5.63226749
356,2023-10-08 11:20:00,COINBASE:ETHUSD,1629.04,1629.08,1628.71,1628.89,8.49641347
357,2023-10-08 11:19:00,COINBASE:ETHUSD,1628.5,1629.05,1628.5,1629.05,5.4240298
358,2023-10-08 11:18:00,COINBASE:ETHUSD,1628.1,1628.75,1628.1,1628.4,15.39888762
359,2023-10-08 11:17:00,COINBASE:ETHUSD,1627.49,1628.03,1627.48,1628.03,4.27645197
360,2023-10-08 11:16:00,COINBASE:ETHUSD,1627.77,1627.77,1627.3,1627.49,7.1195055
361,2023-10-08 11:15:00,COINBASE:ETHUSD,1627.26,1627.75,1626.56,1627.75,79.06308009
362,2023-10-08 11:14:00,COINBASE:ETHUSD,1627.36,1627.56,1625.7,1627.32,252.19395489
363,2023-10-08 11:13:00,COINBASE:ETHUSD,1627.74,1627.74,1627.24,1627.32,14.97525878
364,2023-10-08 11:12:00,COINBASE:ETHUSD,1628.04,1628.08,1627.71,1627.74,11.51303092
365,2023-10-08 11:11:00,COINBASE:ETHUSD,1628.09,1628.11,1628.04,1628.04,1.90725517
366,2023-10-08 11:10:00,COINBASE:ETHUSD,1628.2,1628.21,1628.05,1628.1,6.27808461
367,2023-10-08 11:09:00,COINBASE:ETHUSD,1628.19,1628.39,1628.12,1628.34,16.8026889
368,2023-10-08 11:08:00,COINBASE:ETHUSD,1628.1,1628.17,1628.1,1628.16,1.53605686
369,2023-10-08 11:07:00,COINBASE:ETHUSD,1628.15,1628.24,1628.11,1628.11,1.36792456
370,2023-10-08 11:06:00,COINBASE:ETHUSD,1628.8,1628.97,1628.15,1628.15,23.44894926
371,2023-10-08 11:05:00,COINBASE:ETHUSD,1628.39,1628.79,1628.39,1628.79,11.21563619
372,2023-10-08 11:04:00,COINBASE:ETHUSD,1628.51,1628.51,1628.32,1628.39,1.24795588
373,2023-10-08 11:03:00,COINBASE:ETHUSD,1628.51,1628.82,1628.5,1628.78,5.73889205
374,2023-10-08 11:02:00,COINBASE:ETHUSD,1628.59,1628.62,1628.51,1628.51,1.30770623
375,2023-10-08 11:01:00,COINBASE:ETHUSD,1629.03,1629.03,1628.52,1628.62,10.17846562
376,2023-10-08 11:00:00,COINBASE:ETHUSD,1629.64,1629.64,1629.03,1629.03,14.36253864
377,2023-10-08 10:59:00,COINBASE:ETHUSD,1629.54,1629.64,1629.54,1629.64,1.28654457
378,2023-10-08 10:58:00,COINBASE:ETHUSD,1629.61,1629.61,1629.46,1629.55,6.81307702
379,2023-10-08 10:57:00,COINBASE:ETHUSD,1629.74,1629.94,1629.56,1629.6,6.38382658
380,2023-10-08 10:56:00,COINBASE:ETHUSD,1629.56,1629.73,1629.48,1629.73,2.23364189
381,2023-10-08 10:55:00,COINBASE:ETHUSD,1629.47,1629.58,1629.44,1629.56,1.41537679
382,2023-10-08 10:54:00,COINBASE:ETHUSD,1629.4,1629.48,1629.39,1629.48,2.61990249
383,2023-10-08 10:53:00,COINBASE:ETHUSD,1629.12,1629.4,1629.11,1629.39,7.94340903
384,2023-10-08 10:52:00,COINBASE:ETHUSD,1629.06,1629.37,1629.06,1629.12,4.20780896
385,2023-10-08 10:51:00,COINBASE:ETHUSD,1628.92,1629.07,1628.92,1629.07,2.46193318
386,2023-10-08 10:50:00,COINBASE:ETHUSD,1628.8,1628.85,1628.8,1628.85,0.55670588
387,2023-10-08 10:49:00,COINBASE:ETHUSD,1628.83,1628.83,1628.68,1628.73,6.40650701
388,2023-10-08 10:48:00,COINBASE:ETHUSD,1629.38,1629.38,1628.82,1628.82,6.54132605
389,2023-10-08 10:47:00,COINBASE:ETHUSD,1629.81,1629.82,1629.32,1629.39,34.62471055
390,2023-10-08 10:46:00,COINBASE:ETHUSD,1629.44,1629.91,1629.44,1629.91,13.48457305
391,2023-10-08 10:45:00,COINBASE:ETHUSD,1629.79,1629.79,1629.36,1629.42,10.01683896
392,2023-10-08 10:44:00,COINBASE:ETHUSD,1629.17,1629.95,1629.16,1629.8,83.95885847
393,2023-10-08 10:43:00,COINBASE:ETHUSD,1629.69,1629.69,1628.91,1629.05,9.665851
394,2023-10-08 10:42:00,COINBASE:ETHUSD,1629.37,1629.7,1629.37,1629.7,5.82308184
395,2023-10-08 10:41:00,COINBASE:ETHUSD,1628.66,1629.4,1628.66,1629.4,4.89087768
396,2023-10-08 10:40:00,COINBASE:ETHUSD,1628.09,1628.56,1628.09,1628.56,9.91785849
397,2023-10-08 10:39:00,COINBASE:ETHUSD,1627.85,1628.54,1627.85,1627.93,107.94516577
398,2023-10-08 10:38:00,COINBASE:ETHUSD,1628.64,1628.64,1627.48,1627.85,369.3875825
399,2023-10-08 10:37:00,COINBASE:ETHUSD,1628.58,1628.84,1628.58,1628.64,7.23828512
400,2023-10-08 10:36:00,COINBASE:ETHUSD,1628.68,1628.91,1628.53,1628.54,2.94165095
401,2023-10-08 10:35:00,COINBASE:ETHUSD,1628.97,1629.0,1628.26,1628.85,102.83556656
402,2023-10-08 10:34:00,COINBASE:ETHUSD,1629.31,1629.31,1628.98,1628.98,9.92458746
403,2023-10-08 10:33:00,COINBASE:ETHUSD,1629.35,1629.42,1629.32,1629.32,2.23887588
404,2023-10-08 10:32:00,COINBASE:ETHUSD,1629.1,1629.35,1629.1,1629.35,13.94329433
405,2023-10-08 10:31:00,COINBASE:ETHUSD,1628.99,1629.1,1628.99,1629.1,1.46216243
406,2023-10-08 10:30:00,COINBASE:ETHUSD,1629.06,1629.07,1628.76,1628.96,6.99232874
407,2023-10-08 10:29:00,COINBASE:ETHUSD,1628.78,1629.07,1628.78,1629.07,6.88205337
408,2023-10-08 10:28:00,COINBASE:ETHUSD,1628.66,1628.76,1628.66,1628.75,1.5038188
409,2023-10-08 10:27:00,COINBASE:ETHUSD,1628.89,1629.06,1628.58,1628.59,7.04303907
410,2023-10-08 10:26:00,COINBASE:ETHUSD,1628.8,1629.23,1628.8,1628.89,19.73515739
411,2023-10-08 10:25:00,COINBASE:ETHUSD,1628.79,1628.8,1628.79,1628.8,0.14409891
412,2023-10-08 10:24:00,COINBASE:ETHUSD,1628.89,1628.89,1628.74,1628.78,1.14922831
413,2023-10-08 10:23:00,COINBASE:ETHUSD,1629.06,1629.06,1628.88,1628.88,3.20135953
414,2023-10-08 10:22:00,COINBASE:ETHUSD,1629.9,1629.93,1629.07,1629.14,37.19571561
415,2023-10-08 10:21:00,COINBASE:ETHUSD,1630.25,1630.25,1629.96,1629.96,2.7959799
416,2023-10-08 10:20:00,COINBASE:ETHUSD,1630.53,1630.53,1630.25,1630.26,3.83845784
417,2023-10-08 10:19:00,COINBASE:ETHUSD,1630.15,1630.53,1630.15,1630.53,3.68795998
418,2023-10-08 10:18:00,COINBASE:ETHUSD,1630.73,1630.79,1630.09,1630.2,16.19150818
419,2023-10-08 10:17:00,COINBASE:ETHUSD,1630.53,1630.73,1630.52,1630.73,1.16110978
420,2023-10-08 10:16:00,COINBASE:ETHUSD,1629.85,1630.55,1629.85,1630.55,9.64088825
421,2023-10-08 10:15:00,COINBASE:ETHUSD,1630.23,1630.23,1629.78,1629.84,17.15547062
422,2023-10-08 10:14:00,COINBASE:ETHUSD,1630.24,1630.29,1630.23,1630.24,1.44594559
423,2023-10-08 10:13:00,COINBASE:ETHUSD,1630.5,1630.5,1630.24,1630.24,1.50362464
424,2023-10-08 10:12:00,COINBASE:ETHUSD,1630.26,1630.54,1630.21,1630.54,4.41628526
425,2023-10-08 10:11:00,COINBASE:ETHUSD,1630.38,1630.38,1630.25,1630.26,13.07970709
426,2023-10-08 10:10:00,COINBASE:ETHUSD,1630.13,1630.69,1630.13,1630.39,34.46422207
427,2023-10-08 10:09:00,COINBASE:ETHUSD,1629.86,1630.09,1629.57,1630.09,4.91349515
428,2023-10-08 10:08:00,COINBASE:ETHUSD,1629.52,1629.87,1629.51,1629.87,6.95212254
429,2023-10-08 10:07:00,COINBASE:ETHUSD,1629.66,1629.66,1629.5,1629.51,8.30146194
430,2023-10-08 10:06:00,COINBASE:ETHUSD,1629.5,1629.65,1629.49,1629.65,4.80271842
431,2023-10-08 10:05:00,COINBASE:ETHUSD,1629.43,1629.61,1629.43,1629.5,1.49126691
432,2023-10-08 10:04:00,COINBASE:ETHUSD,1629.52,1629.56,1629.31,1629.4,20.1132478
433,2023-10-08 10:03:00,COINBASE:ETHUSD,1629.09,1629.74,1629.09,1629.52,11.82900632
434,2023-10-08 10:02:00,COINBASE:ETHUSD,1628.11,1628.84,1628.11,1628.84,17.88852294
435,2023-10-08 10:01:00,COINBASE:ETHUSD,1628.7,1628.7,1628.05,1628.06,12.78253471
436,2023-10-08 10:00:00,COINBASE:ETHUSD,1629.05,1629.05,1628.39,1628.67,18.29413938
437,2023-10-08 09:59:00,COINBASE:ETHUSD,1629.13,1629.51,1629.04,1629.09,12.67087209
438,2023-10-08 09:58:00,COINBASE:ETHUSD,1629.03,1629.14,1629.03,1629.13,1.14544834
439,2023-10-08 09:57:00,COINBASE:ETHUSD,1629.42,1629.46,1629.04,1629.04,1.98970942
440,2023-10-08 09:56:00,COINBASE:ETHUSD,1629.37,1629.42,1629.18,1629.41,5.21674587
441,2023-10-08 09:55:00,COINBASE:ETHUSD,1629.29,1629.47,1629.28,1629.42,4.78024705
442,2023-10-08 09:54:00,COINBASE:ETHUSD,1629.49,1629.49,1629.25,1629.29,3.46458547
443,2023-10-08 09:53:00,COINBASE:ETHUSD,1629.0,1629.39,1629.0,1629.39,7.54078218
444,2023-10-08 09:52:00,COINBASE:ETHUSD,1629.09,1629.09,1628.87,1628.95,4.36345291
445,2023-10-08 09:51:00,COINBASE:ETHUSD,1628.65,1629.12,1628.65,1629.09,7.0859617
446,2023-10-08 09:50:00,COINBASE:ETHUSD,1628.88,1628.89,1628.36,1628.65,1.10048429
447,2023-10-08 09:49:00,COINBASE:ETHUSD,1628.61,1629.06,1628.25,1628.88,23.33315989
448,2023-10-08 09:48:00,COINBASE:ETHUSD,1628.72,1629.18,1628.58,1628.6,30.72378611
449,2023-10-08 09:47:00,COINBASE:ETHUSD,1629.06,1629.26,1628.57,1628.62,27.50399122
450,2023-10-08 09:46:00,COINBASE:ETHUSD,1629.48,1629.58,1628.72,1629.1,29.69063343
451,2023-10-08 09:45:00,COINBASE:ETHUSD,1630.64,1630.64,1629.26,1629.39,21.14469513
452,2023-10-08 09:44:00,COINBASE:ETHUSD,1630.6,1630.65,1630.59,1630.65,1.75051164
453,2023-10-08 09:43:00,COINBASE:ETHUSD,1630.59,1630.63,1630.58,1630.6,3.92703573
454,2023-10-08 09:42:00,COINBASE:ETHUSD,1630.65,1630.65,1630.02,1630.59,21.21711017
455,2023-10-08 09:41:00,COINBASE:ETHUSD,1631.01,1631.01,1630.64,1630.65,3.13213891
456,2023-10-08 09:40:00,COINBASE:ETHUSD,1630.65,1631.01,1630.65,1631.01,6.33278031
457,2023-10-08 09:39:00,COINBASE:ETHUSD,1630.72,1631.08,1630.64,1630.64,5.26615319
458,2023-10-08 09:38:00,COINBASE:ETHUSD,1630.64,1631.0,1630.56,1630.72,8.75621565
459,2023-10-08 09:37:00,COINBASE:ETHUSD,1630.96,1630.96,1630.37,1630.64,24.71956918
460,2023-10-08 09:36:00,COINBASE:ETHUSD,1631.15,1631.15,1630.95,1630.96,1.52629987
461,2023-10-08 09:35:00,COINBASE:ETHUSD,1630.92,1631.15,1630.92,1631.15,9.62105842
462,2023-10-08 09:34:00,COINBASE:ETHUSD,1631.43,1631.43,1630.88,1630.92,56.14878907
463,2023-10-08 09:33:00,COINBASE:ETHUSD,1631.45,1631.46,1631.33,1631.43,0.31370272
464,2023-10-08 09:32:00,COINBASE:ETHUSD,1631.55,1631.59,1631.49,1631.49,4.42249828
465,2023-10-08 09:31:00,COINBASE:ETHUSD,1631.42,1631.65,1631.42,1631.56,5.01328783
466,2023-10-08 09:30:00,COINBASE:ETHUSD,1631.52,1631.52,1631.13,1631.31,3.57407641
467,2023-10-08 09:29:00,COINBASE:ETHUSD,1631.65,1631.66,1631.47,1631.52,1.99543864
468,2023-10-08 09:28:00,COINBASE:ETHUSD,1631.27,1631.64,1631.26,1631.64,5.01251387
469,2023-10-08 09:27:00,COINBASE:ETHUSD,1631.28,1631.35,1631.06,1631.28,14.55077396
470,2023-10-08 09:26:00,COINBASE:ETHUSD,1631.86,1631.86,1631.29,1631.29,10.48125325
471,2023-10-08 09:25:00,COINBASE:ETHUSD,1631.85,1631.99,1631.84,1631.86,2.70712747
472,2023-10-08 09:24:00,COINBASE:ETHUSD,1631.99,1631.99,1631.75,1631.85,3.57773381
473,2023-10-08 09:23:00,COINBASE:ETHUSD,1631.79,1631.98,1631.79,1631.97,0.83454684
474,2023-10-08 09:22:00,COINBASE:ETHUSD,1631.84,1631.86,1631.75,1631.81,4.2201229
475,2023-10-08 09:21:00,COINBASE:ETHUSD,1631.8,1631.89,1631.79,1631.79,1.50514874
476,2023-10-08 09:20:00,COINBASE:ETHUSD,1631.45,1631.81,1631.45,1631.8,6.85472808
477,2023-10-08 09:19:00,COINBASE:ETHUSD,1631.41,1631.5,1631.25,1631.44,7.13381239
478,2023-10-08 09:18:00,COINBASE:ETHUSD,1631.35,1631.56,1631.15,1631.38,12.40395367
479,2023-10-08 09:17:00,COINBASE:ETHUSD,1631.12,1631.35,1631.12,1631.35,2.54177409
480,2023-10-08 09:16:00,COINBASE:ETHUSD,1630.99,1631.26,1630.99,1631.21,5.89454072
481,2023-10-08 09:15:00,COINBASE:ETHUSD,1631.21,1631.26,1630.8,1630.84,34.72993409
482,2023-10-08 09:14:00,COINBASE:ETHUSD,1630.99,1631.41,1630.99,1631.21,34.20519041
483,2023-10-08 09:13:00,COINBASE:ETHUSD,1631.35,1631.4,1630.96,1630.96,22.25375043
484,2023-10-08 09:12:00,COINBASE:ETHUSD,1631.19,1631.35,1630.96,1631.35,11.15838512
485,2023-10-08 09:11:00,COINBASE:ETHUSD,1630.99,1631.27,1630.97,1631.19,21.16019207
486,2023-10-08 09:10:00,COINBASE:ETHUSD,1630.95,1631.02,1630.74,1630.78,5.19344526
487,2023-10-08 09:09:00,COINBASE:ETHUSD,1630.85,1630.98,1630.84,1630.92,4.48111231
488,2023-10-08 09:08:00,COINBASE:ETHUSD,1630.38,1630.85,1630.37,1630.85,16.96020995
489,2023-10-08 09:07:00,COINBASE:ETHUSD,1630.57,1630.79,1630.37,1630.37,12.70962656
490,2023-10-08 09:06:00,COINBASE:ETHUSD,1630.2,1630.64,1630.2,1630.51,12.37722784
491,2023-10-08 09:05:00,COINBASE:ETHUSD,1630.9,1630.91,1629.91,1630.16,10.92480294
492,2023-10-08 09:04:00,COINBASE:ETHUSD,1631.0,1631.0,1630.64,1630.85,4.0824774
493,2023-10-08 09:03:00,COINBASE:ETHUSD,1630.3,1630.92,1630.3,1630.92,8.49212244
494,2023-10-08 09:02:00,COINBASE:ETHUSD,1630.09,1630.29,1629.86,1630.27,6.72901755
495,2023-10-08 09:01:00,COINBASE:ETHUSD,1629.86,1630.28,1629.79,1630.09,9.84862907
496,2023-10-08 09:00:00,COINBASE:ETHUSD,1630.21,1630.21,1629.36,1629.86,20.95604925
497,2023-10-08 08:59:00,COINBASE:ETHUSD,1630.18,1630.3,1630.18,1630.22,1.6589452
498,2023-10-08 08:58:00,COINBASE:ETHUSD,1630.3,1630.37,1629.8,1630.18,38.72503183
